{"xdata": [0, 1, 2, 3, 4, 5, 6, 7, 8, 9, 10, 11, 12, 13, 14, 15, 16, 17, 18, 19, 20, 21, 22, 23, 24, 25, 26, 27, 28, 29, 30, 31, 32, 33, 34, 35, 36, 37, 38, 39, 40, 41, 42, 43, 44, 45, 46, 47, 48, 49, 50, 51, 52, 53, 54, 55, 56, 57, 58, 59, 60, 61, 62, 63, 64, 65, 66, 67, 68, 69, 70, 71, 72, 73, 74, 75, 76, 77, 78, 79, 80, 81, 82, 83, 84, 85, 86, 87, 88, 89, 90, 91, 92, 93, 94, 95, 96, 97, 98, 99], "ydata": [6, 66, 58, 63, 68, 72, 32, 31, 88, 97, 13, 77, 88, 12, 93, 31, 20, 36, 87, 15, 15, 39, 5, 67, 61, 62, 89, 39, 38, 85, 72, 54, 34, 64, 50, 50, 39, 80, 49, 19, 91, 70, 56, 55, 95, 78, 20, 27, 87, 48, 75, 58, 68, 40, 94, 89, 60, 74, 48, 22, 47, 93, 29, 15, 24, 66, 37, 78, 59, 88, 75, 52, 21, 91, 60, 25, 47, 40, 55, 12, 39, 44, 23, 89, 18, 56, 54, 48, 85, 37, 88, 15, 86, 28, 0, 34, 49, 36, 1, 61], "tags": [["label1", 12.520504350438433, 13.121672160391606], ["label2", 14.629434978807321, 14.761615430281783], ["label1", 16.70388797514685, 21.24463763475044], ["label2", 27.476278828245626, 31.002070528172922], ["label1", 33.0372001659991, 33.108169477251124], ["label2", 34.178818384918884, 35.53333291638493], ["label1", 40.48439206994635, 44.22412994842346], ["label2", 44.506359456646074, 47.327264133387004], ["label1", 47.665361327181884, 47.98022130671974], ["label2", 50.66366981657908, 52.723142843172], ["label1", 58.0525691527512, 59.64570072018955], ["label2", 60.98307465818689, 62.344859017943264], ["label1", 62.797303165032936, 63.1604387913078], ["label2", 65.47057902171328, 65.74503602037271], ["label1", 65.77162251222225, 68.08000955691365], ["label2", 72.33279444637618, 72.94890262928061], ["label1", 75.61885255423209, 75.88119020203911], ["label2", 76.28909963459492, 85.50367675390116], ["label1", 94.16511432798164, 96.81793815185377], ["label2", 96.83520698235498, 98.318162335201]]}