{"xdata": [0, 1, 2, 3, 4, 5, 6, 7, 8, 9, 10, 11, 12, 13, 14, 15, 16, 17, 18, 19, 20, 21, 22, 23, 24, 25, 26, 27, 28, 29, 30, 31, 32, 33, 34, 35, 36, 37, 38, 39, 40, 41, 42, 43, 44, 45, 46, 47, 48, 49, 50, 51, 52, 53, 54, 55, 56, 57, 58, 59, 60, 61, 62, 63, 64, 65, 66, 67, 68, 69, 70, 71, 72, 73, 74, 75, 76, 77, 78, 79, 80, 81, 82, 83, 84, 85, 86, 87, 88, 89, 90, 91, 92, 93, 94, 95, 96, 97, 98, 99], "ydata1": [6, 66, 58, 63, 68, 72, 32, 31, 88, 97, 13, 77, 88, 12, 93, 31, 20, 36, 87, 15, 15, 39, 5, 67, 61, 62, 89, 39, 38, 85, 72, 54, 34, 64, 50, 50, 39, 80, 49, 19, 91, 70, 56, 55, 95, 78, 20, 27, 87, 48, 75, 58, 68, 40, 94, 89, 60, 74, 48, 22, 47, 93, 29, 15, 24, 66, 37, 78, 59, 88, 75, 52, 21, 91, 60, 25, 47, 40, 55, 12, 39, 44, 23, 89, 18, 56, 54, 48, 85, 37, 88, 15, 86, 28, 0, 34, 49, 36, 1, 61], "ydata2": [11, 47, 38, 17, 24, 7, 32, 48, 10, 12, 29, 47, 37, 38, 45, 38, 5, 10, 38, 23, 18, 34, 6, 13, 1, 41, 41, 10, 9, 11, 37, 40, 14, 21, 29, 8, 6, 40, 49, 1, 32, 9, 15, 41, 39, 34, 16, 0, 16, 44, 39, 30, 28, 38, 10, 19, 29, 34, 11, 28, 21, 21, 3, 40, 11, 24, 34, 21, 31, 18, 48, 1, 34, 22, 49, 34, 7, 37, 39, 49, 33, 41, 35, 23, 7, 0, 45, 7, 19, 23, 11, 48, 33, 32, 6, 33, 28, 44, 22, 29], "tags": [["0", 19.060072218675106], ["1", 29.703863431075316], ["2", 44.991655956730334], ["3", 48.82544435183438], ["4", 52.8608804691818], ["5", 59.95279291701411], ["6", 76.27864479614263], ["7", 76.78443630168006], ["8", 80.50415364573686], ["9", 80.61552358261628], ["10", 84.35734401596811], ["11", 86.22517965168493], ["12", 86.72927901213059], ["13", 87.31563309805767], ["14", 87.33067255188068], ["15", 88.72594804324055], ["16", 88.97665708297538], ["17", 91.35650196826916], ["18", 94.29277369437418], ["19", 95.60841646473943]]}